"Work","Expression","Manifestation"
"W1","E69","M371"
"W1","E69","M1020"
"W1","E69","M1899"
"W1","E69","M2129"
"W1","E72","M395"
"W1","E72","M2037"
"W2","E78","M414"
"W2","E78","M474"
"W2","E78","M1363"
"W2","E630","M921"
"W3","E90","M589"
"W3","E90","M712"
"W3","E96","M595"
"W3","E96","M764"
"W4","E91","M590"
"W4","E91","M714"
"W4","E97","M596"
"W4","E97","M765"
"W5","E92","M591"
"W5","E92","M716"
"W5","E98","M597"
"W5","E98","M766"
"W6","E93","M592"
"W6","E93","M718"
"W6","E99","M598"
"W6","E99","M768"
"W7","E94","M593"
"W7","E94","M720"
"W7","E100","M599"
"W7","E100","M769"
"W8","E95","M594"
"W8","E95","M722"
"W8","E101","M601"
"W8","E101","M772"
"W9","E106","M909"
"W9","E106","M1682"
"W9","E1608","M1995"
"W10","E109","M1014"
"W10","E109","M1750"
"W10","E727","M1024"
"W11","E119","M1264"
"W11","E119","M1762"
"W11","E1723","M2123"
"W12","E133","M1507"
"W12","E133","M1533"
"W12","E1191","M1534"
"W13","E165","M130"
"W13","E166","M131"
"W14","E502","M761"
"W14","E503","M762"
"W15","E515","M786"
"W15","E1443","M1818"
"W16","E617","M906"
"W16","E1221","M1567"
"W17","E642","M933"
"W17","E843","M1149"
"W18","E699","M994"
"W18","E1539","M1922"
"W19","E712","M1007"
"W19","E713","M1008"
"W20","E719","M1015"
"W20","E1126","M1465"
"W21","E742","M1039"
"W21","E1541","M1924"
"W22","E764","M1063"
"W22","E1677","M2068"
"W23","E770","M1069"
"W23","E771","M1070"
"W24","E879","M1189"
"W24","E1005","M1330"
"W24","E1086","M1420"
"W25","E907","M1219"
"W25","E925","M1238"
"W26","E1134","M1473"
"W26","E1135","M1474"
"W27","E1136","M1475"
"W27","E1137","M1476"
"W28","E1266","M1614"
"W28","E1267","M1615"
"W29","E1269","M1618"
"W29","E1270","M1619"
"W30","E1302","M1655"
"W30","E1844","M2251"
"W31","E1315","M1670"
"W31","E1573","M1956"
"W32","E1417","M1787"
"W32","E1418","M1788"
"W33","E1430","M1802"
"W33","E1432","M1806"
"W34","E1442","M1817"
"W34","E1568","M1951"
"W35","E1458","M1834"
"W35","E1459","M1835"
"W36","E1462","M1838"
"W36","E1464","M1840"
"W37","E1485","M1862"
"W37","E1640","M2030"
"W38","E1597","M1984"
"W38","E1645","M2035"
"W39","E1662","M2053"
"W39","E1665","M2056"
"W40","E1","M1"
"W40","E1","M3"
"W40","E1","M6"
"W41","E2","M2"
"W41","E2","M9"
"W41","E2","M10"
"W41","E2","M12"
"W41","E2","M16"
"W41","E2","M21"
"W41","E2","M22"
"W41","E2","M23"
"W41","E2","M26"
"W41","E2","M27"
"W41","E2","M33"
"W41","E2","M54"
"W41","E2","M76"
"W41","E2","M97"
"W41","E2","M100"
"W41","E2","M116"
"W41","E2","M128"
"W41","E2","M135"
"W41","E2","M137"
"W41","E2","M139"
"W41","E2","M149"
"W42","E3","M11"
"W42","E3","M40"
"W42","E3","M56"
"W43","E4","M13"
"W43","E4","M91"
"W44","E5","M14"
"W44","E5","M57"
"W44","E5","M70"
"W45","E6","M19"
"W45","E6","M43"
"W45","E6","M45"
"W45","E6","M86"
"W45","E6","M107"
"W45","E6","M115"
"W45","E6","M123"
"W45","E6","M2133"
"W46","E7","M20"
"W46","E7","M44"
"W46","E7","M47"
"W46","E7","M80"
"W46","E7","M85"
"W46","E7","M103"
"W46","E7","M110"
"W46","E7","M122"
"W46","E7","M2132"
"W47","E8","M24"
"W47","E8","M29"
"W47","E8","M30"
"W47","E8","M31"
"W47","E8","M32"
"W47","E8","M34"
"W47","E8","M41"
"W47","E8","M59"
"W47","E8","M72"
"W47","E8","M77"
"W47","E8","M89"
"W47","E8","M90"
"W47","E8","M92"
"W47","E8","M93"
"W47","E8","M94"
"W47","E8","M99"
"W47","E8","M136"
"W47","E8","M254"
"W48","E9","M25"
"W48","E9","M61"
"W48","E9","M74"
"W48","E9","M75"
"W48","E9","M114"
"W49","E10","M28"
"W49","E10","M49"
"W49","E10","M51"
"W49","E10","M67"
"W49","E10","M104"
"W49","E10","M117"
"W50","E11","M35"
"W50","E11","M36"
"W50","E11","M55"
"W50","E11","M81"
"W50","E11","M87"
"W50","E11","M111"
"W51","E12","M37"
"W51","E12","M38"
"W51","E12","M48"
"W51","E12","M62"
"W51","E12","M63"
"W51","E12","M79"
"W52","E13","M39"
"W52","E13","M46"
"W52","E13","M58"
"W52","E13","M71"
"W52","E13","M98"
"W52","E13","M105"
"W53","E14","M42"
"W53","E14","M60"
"W53","E14","M73"
"W54","E15","M50"
"W54","E15","M52"
"W54","E15","M53"
"W54","E15","M69"
"W54","E15","M112"
"W55","E16","M64"
"W55","E16","M65"
"W55","E16","M78"
"W55","E16","M88"
"W55","E16","M102"
"W55","E16","M106"
"W55","E16","M121"
"W55","E16","M148"
"W55","E16","M159"
"W56","E17","M66"
"W56","E17","M207"
"W57","E18","M83"
"W57","E18","M133"
"W57","E18","M158"
"W58","E19","M84"
"W58","E19","M113"
"W59","E20","M96"
"W59","E20","M138"
"W60","E21","M108"
"W60","E21","M109"
"W61","E22","M126"
"W61","E22","M129"
"W62","E23","M141"
"W62","E23","M165"
"W62","E23","M171"
"W62","E23","M181"
"W62","E23","M191"
"W62","E23","M199"
"W62","E23","M209"
"W62","E23","M231"
"W62","E23","M258"
"W62","E23","M266"
"W62","E23","M500"
"W62","E23","M573"
"W62","E23","M618"
"W62","E23","M791"
"W63","E24","M142"
"W63","E24","M144"
"W63","E24","M154"
"W63","E24","M166"
"W64","E25","M143"
"W64","E25","M152"
"W64","E25","M167"
"W64","E25","M174"
"W64","E25","M185"
"W64","E25","M193"
"W64","E25","M201"
"W64","E25","M213"
"W64","E25","M233"
"W64","E25","M241"
"W64","E25","M247"
"W64","E25","M260"
"W64","E25","M268"
"W64","E25","M273"
"W64","E25","M300"
"W64","E25","M510"
"W64","E25","M578"
"W64","E25","M621"
"W64","E25","M622"
"W64","E25","M796"
"W64","E25","M803"
"W65","E26","M145"
"W65","E26","M153"
"W65","E26","M164"
"W65","E26","M170"
"W65","E26","M180"
"W65","E26","M190"
"W65","E26","M198"
"W65","E26","M208"
"W65","E26","M230"
"W65","E26","M257"
"W65","E26","M265"
"W65","E26","M499"
"W65","E26","M572"
"W65","E26","M617"
"W65","E26","M790"
"W66","E27","M146"
"W66","E27","M163"
"W66","E27","M217"
"W67","E28","M150"
"W67","E28","M155"
"W68","E29","M156"
"W68","E29","M188"
"W69","E30","M157"
"W69","E30","M189"
"W70","E31","M162"
"W70","E31","M168"
"W70","E31","M178"
"W70","E31","M186"
"W70","E31","M196"
"W70","E31","M205"
"W70","E31","M228"
"W70","E31","M255"
"W70","E31","M263"
"W70","E31","M496"
"W70","E31","M570"
"W70","E31","M615"
"W70","E31","M789"
"W71","E32","M169"
"W71","E32","M179"
"W71","E32","M187"
"W71","E32","M197"
"W71","E32","M206"
"W71","E32","M229"
"W71","E32","M256"
"W71","E32","M264"
"W71","E32","M296"
"W71","E32","M497"
"W71","E32","M571"
"W71","E32","M616"
"W71","E32","M788"
"W72","E33","M172"
"W72","E33","M182"
"W72","E33","M210"
"W72","E33","M262"
"W72","E33","M269"
"W72","E33","M298"
"W72","E33","M503"
"W72","E33","M575"
"W72","E33","M793"
"W73","E34","M173"
"W73","E34","M183"
"W73","E34","M192"
"W73","E34","M200"
"W73","E34","M211"
"W73","E34","M232"
"W73","E34","M259"
"W73","E34","M267"
"W73","E34","M507"
"W73","E34","M576"
"W73","E34","M620"
"W73","E34","M794"
"W74","E35","M194"
"W74","E35","M204"
"W74","E35","M221"
"W74","E35","M352"
"W74","E35","M486"
"W74","E35","M568"
"W74","E35","M784"
"W75","E36","M203"
"W75","E36","M485"
"W75","E36","M567"
"W75","E36","M783"
"W76","E37","M212"
"W76","E37","M223"
"W76","E37","M361"
"W76","E37","M509"
"W76","E37","M577"
"W76","E37","M795"
"W77","E38","M214"
"W77","E38","M224"
"W77","E38","M362"
"W77","E38","M511"
"W77","E38","M579"
"W77","E38","M797"
"W78","E39","M215"
"W78","E39","M369"
"W78","E39","M581"
"W78","E39","M799"
"W79","E40","M218"
"W79","E40","M1864"
"W79","E40","M2128"
"W80","E41","M220"
"W80","E41","M350"
"W80","E41","M482"
"W80","E41","M565"
"W81","E42","M222"
"W81","E42","M357"
"W81","E42","M501"
"W81","E42","M574"
"W81","E42","M792"
"W82","E43","M225"
"W82","E43","M363"
"W82","E43","M512"
"W82","E43","M580"
"W82","E43","M798"
"W83","E44","M226"
"W83","E44","M483"
"W83","E44","M566"
"W83","E44","M782"
"W84","E45","M227"
"W84","E45","M490"
"W84","E45","M569"
"W84","E45","M785"
"W85","E46","M234"
"W85","E46","M376"
"W86","E47","M238"
"W86","E47","M284"
"W86","E47","M341"
"W86","E47","M443"
"W86","E47","M445"
"W86","E47","M446"
"W86","E47","M513"
"W86","E47","M515"
"W86","E47","M553"
"W86","E47","M748"
"W86","E47","M775"
"W86","E47","M839"
"W86","E47","M840"
"W86","E47","M1091"
"W86","E47","M1099"
"W86","E47","M2247"
"W87","E48","M239"
"W87","E48","M253"
"W87","E48","M354"
"W88","E49","M242"
"W88","E49","M250"
"W89","E50","M243"
"W89","E50","M387"
"W89","E50","M645"
"W90","E51","M245"
"W90","E51","M2164"
"W91","E52","M270"
"W91","E52","M351"
"W92","E53","M272"
"W92","E53","M274"
"W92","E53","M299"
"W92","E53","M429"
"W92","E53","M430"
"W93","E54","M279"
"W93","E54","M349"
"W94","E55","M285"
"W94","E55","M1080"
"W95","E56","M295"
"W95","E56","M348"
"W95","E56","M536"
"W96","E57","M297"
"W96","E57","M356"
"W96","E57","M540"
"W97","E58","M306"
"W97","E58","M321"
"W97","E58","M334"
"W97","E58","M530"
"W98","E59","M310"
"W98","E59","M346"
"W99","E60","M318"
"W99","E60","M333"
"W99","E60","M529"
"W100","E61","M323"
"W100","E61","M388"
"W100","E61","M646"
"W101","E62","M329"
"W101","E62","M394"
"W101","E62","M653"
"W102","E63","M344"
"W102","E63","M381"
"W102","E63","M640"
"W103","E64","M345"
"W103","E64","M382"
"W103","E64","M641"
"W104","E65","M358"
"W104","E65","M541"
"W105","E66","M359"
"W105","E66","M440"
"W106","E67","M366"
"W106","E67","M600"
"W106","E67","M1450"
"W107","E68","M370"
"W107","E68","M652"
"W108","E70","M386"
"W108","E70","M643"
"W109","E71","M389"
"W109","E71","M648"
"W110","E73","M396"
"W110","E73","M557"
"W111","E74","M397"
"W111","E74","M654"
"W112","E75","M398"
"W112","E75","M655"
"W113","E76","M399"
"W113","E76","M656"
"W114","E77","M401"
"W114","E77","M603"
"W115","E79","M432"
"W115","E79","M444"
"W115","E79","M447"
"W115","E79","M514"
"W115","E79","M516"
"W115","E79","M558"
"W115","E79","M778"
"W116","E80","M441"
"W116","E80","M1199"
"W117","E81","M455"
"W117","E81","M644"
"W118","E82","M480"
"W118","E82","M481"
"W119","E83","M556"
"W119","E83","M917"
"W120","E84","M559"
"W120","E84","M582"
"W120","E84","M711"
"W121","E85","M560"
"W121","E85","M583"
"W121","E85","M713"
"W122","E86","M561"
"W122","E86","M584"
"W122","E86","M715"
"W123","E87","M562"
"W123","E87","M585"
"W123","E87","M717"
"W124","E88","M563"
"W124","E88","M586"
"W124","E88","M719"
"W125","E89","M564"
"W125","E89","M587"
"W125","E89","M721"
"W126","E102","M626"
"W126","E102","M745"
"W127","E103","M691"
"W127","E103","M966"
"W128","E104","M830"
"W128","E104","M860"
"W129","E105","M891"
"W129","E105","M1117"
"W130","E107","M952"
"W130","E107","M1052"
"W131","E108","M953"
"W131","E108","M954"
"W132","E110","M1096"
"W132","E110","M1583"
"W133","E111","M1152"
"W133","E111","M1845"
"W134","E112","M1158"
"W134","E112","M1362"
"W135","E113","M1162"
"W135","E113","M1322"
"W135","E113","M1410"
"W136","E114","M1182"
"W136","E114","M2009"
"W137","E115","M1196"
"W137","E115","M1460"
"W138","E116","M1228"
"W138","E116","M1723"
"W139","E117","M1250"
"W139","E117","M1774"
"W140","E118","M1262"
"W140","E118","M1777"
"W141","E120","M1279"
"W141","E120","M1345"
"W142","E121","M1280"
"W142","E121","M1317"
"W143","E122","M1285"
"W143","E122","M1324"
"W144","E123","M1297"
"W144","E123","M1794"
"W145","E124","M1299"
"W145","E124","M1908"
"W146","E125","M1304"
"W146","E125","M1660"
"W147","E126","M1356"
"W147","E126","M1690"
"W148","E127","M1357"
"W148","E127","M1741"
"W149","E128","M1368"
"W149","E128","M1527"
"W150","E129","M1376"
"W150","E129","M1444"
"W150","E129","M1711"
"W151","E130","M1407"
"W151","E130","M1751"
"W152","E131","M1426"
"W152","E131","M1900"
"W153","E132","M1502"
"W153","E132","M1965"
"W154","E134","M1546"
"W154","E134","M1789"
"W155","E135","M1565"
"W155","E135","M1566"
"W156","E136","M1594"
"W156","E136","M1646"
"W157","E137","M1622"
"W157","E137","M1623"
"W158","E138","M1671"
"W158","E138","M1919"
"W159","E139","M1678"
"W159","E139","M1698"
"W160","E140","M1710"
"W160","E140","M1815"
"W161","E141","M1728"
"W161","E141","M1875"
"W162","E142","M1804"
"W162","E142","M1805"
"W163","E143","M1958"
"W163","E143","M2122"
"W164","E144","M1979"
"W164","E144","M2118"
"W165","E145","M1980"
"W165","E145","M2007"
"W166","E146","M2008"
"W166","E146","M2253"
"W167","E147","M2094"
"W167","E147","M2095"
"W168","E148","M2111"
"W168","E148","M2113"
"W169","E149","M4"
"W170","E150","M5"
"W171","E151","M7"
"W172","E152","M8"
"W173","E153","M15"
"W174","E154","M17"
"W175","E155","M18"
"W176","E156","M82"
"W177","E157","M95"
"W178","E158","M101"
"W179","E159","M118"
"W180","E160","M119"
"W181","E161","M120"
"W182","E162","M124"
"W183","E163","M125"
"W184","E164","M127"
"W185","E167","M132"
"W186","E168","M134"
"W187","E169","M140"
"W188","E170","M147"
"W189","E171","M151"
"W190","E172","M160"
"W191","E173","M161"
"W192","E174","M175"
"W193","E175","M176"
"W194","E176","M177"
"W195","E177","M184"
"W196","E178","M195"
"W197","E179","M202"
"W198","E180","M216"
"W199","E181","M219"
"W200","E182","M235"
"W201","E183","M236"
"W202","E184","M237"
"W203","E185","M240"
"W204","E186","M244"
"W205","E187","M246"
"W206","E188","M248"
"W207","E189","M249"
"W208","E190","M251"
"W209","E191","M252"
"W210","E192","M261"
"W211","E193","M271"
"W212","E194","M275"
"W213","E195","M276"
"W214","E196","M277"
"W215","E197","M278"
"W216","E198","M280"
"W217","E199","M281"
"W218","E200","M282"
"W219","E201","M283"
"W220","E202","M286"
"W221","E203","M287"
"W222","E204","M288"
"W223","E205","M289"
"W224","E206","M290"
"W225","E207","M291"
"W226","E208","M292"
"W227","E209","M293"
"W228","E210","M294"
"W229","E211","M301"
"W230","E212","M302"
"W231","E213","M303"
"W232","E214","M304"
"W233","E215","M305"
"W234","E216","M307"
"W235","E217","M308"
"W236","E218","M309"
"W237","E219","M311"
"W238","E220","M312"
"W239","E221","M313"
"W240","E222","M314"
"W241","E223","M315"
"W242","E224","M316"
"W243","E225","M317"
"W244","E226","M319"
"W245","E227","M320"
"W246","E228","M322"
"W247","E229","M324"
"W248","E230","M325"
"W249","E231","M326"
"W250","E232","M327"
"W251","E233","M328"
"W252","E234","M330"
"W253","E235","M331"
"W254","E236","M332"
"W255","E237","M335"
"W256","E238","M336"
"W257","E239","M337"
"W258","E240","M338"
"W259","E241","M339"
"W260","E242","M340"
"W261","E243","M342"
"W262","E244","M343"
"W263","E245","M347"
"W264","E246","M353"
"W265","E247","M355"
"W266","E248","M360"
"W267","E249","M364"
"W268","E250","M365"
"W269","E251","M367"
"W270","E252","M368"
"W271","E253","M372"
"W272","E254","M373"
"W273","E255","M374"
"W274","E256","M375"
"W275","E257","M377"
"W276","E258","M378"
"W277","E259","M379"
"W278","E260","M380"
"W279","E261","M383"
"W280","E262","M384"
"W281","E263","M385"
"W282","E264","M390"
"W283","E265","M391"
"W284","E266","M392"
"W285","E267","M393"
"W286","E268","M400"
"W287","E269","M402"
"W288","E270","M403"
"W289","E271","M404"
"W290","E272","M405"
"W291","E273","M406"
"W292","E274","M407"
"W293","E275","M408"
"W294","E276","M409"
"W295","E277","M410"
"W296","E278","M411"
"W297","E279","M412"
"W298","E280","M413"
"W299","E281","M415"
"W300","E282","M416"
"W301","E283","M417"
"W302","E284","M418"
"W303","E285","M419"
"W304","E286","M420"
"W305","E287","M421"
"W306","E288","M422"
"W307","E289","M423"
"W308","E290","M424"
"W309","E291","M425"
"W310","E292","M426"
"W311","E293","M427"
"W312","E294","M428"
"W313","E295","M431"
"W314","E296","M433"
"W315","E297","M434"
"W316","E298","M435"
"W317","E299","M436"
"W318","E300","M437"
"W319","E301","M438"
"W320","E302","M439"
"W321","E303","M442"
"W322","E304","M448"
"W323","E305","M449"
"W324","E306","M450"
"W325","E307","M451"
"W326","E308","M452"
"W327","E309","M453"
"W328","E310","M454"
"W329","E311","M456"
"W330","E312","M457"
"W331","E313","M458"
"W332","E314","M459"
"W333","E315","M460"
"W334","E316","M461"
"W335","E317","M462"
"W336","E318","M463"
"W337","E319","M464"
"W338","E320","M465"
"W339","E321","M466"
"W340","E322","M467"
"W341","E323","M468"
"W342","E324","M469"
"W343","E325","M470"
"W344","E326","M471"
"W345","E327","M472"
"W346","E328","M473"
"W347","E329","M475"
"W348","E330","M476"
"W349","E331","M477"
"W350","E332","M478"
"W351","E333","M479"
"W352","E334","M484"
"W353","E335","M487"
"W354","E336","M488"
"W355","E337","M489"
"W356","E338","M491"
"W357","E339","M492"
"W358","E340","M493"
"W359","E341","M494"
"W360","E342","M495"
"W361","E343","M498"
"W362","E344","M502"
"W363","E345","M504"
"W364","E346","M505"
"W365","E347","M506"
"W366","E348","M508"
"W367","E349","M517"
"W368","E350","M518"
"W369","E351","M519"
"W370","E352","M520"
"W371","E353","M521"
"W372","E354","M522"
"W373","E355","M523"
"W374","E356","M524"
"W375","E357","M525"
"W376","E358","M526"
"W377","E359","M527"
"W378","E360","M528"
"W379","E361","M531"
"W380","E362","M532"
"W381","E363","M533"
"W382","E364","M534"
"W383","E365","M535"
"W384","E366","M537"
"W385","E367","M538"
"W386","E368","M539"
"W387","E369","M542"
"W388","E370","M543"
"W389","E371","M544"
"W390","E372","M545"
"W391","E373","M546"
"W392","E374","M547"
"W393","E375","M548"
"W394","E376","M549"
"W395","E377","M550"
"W396","E378","M552"
"W397","E379","M554"
"W398","E380","M555"
"W399","E381","M588"
"W400","E382","M602"
"W401","E383","M604"
"W402","E384","M605"
"W403","E385","M606"
"W404","E386","M607"
"W405","E387","M609"
"W406","E388","M610"
"W407","E389","M611"
"W408","E390","M612"
"W409","E391","M613"
"W410","E392","M614"
"W411","E393","M619"
"W412","E394","M623"
"W413","E395","M624"
"W414","E396","M625"
"W415","E397","M627"
"W416","E398","M628"
"W417","E399","M630"
"W418","E400","M631"
"W419","E401","M632"
"W420","E402","M633"
"W421","E403","M634"
"W422","E404","M635"
"W423","E405","M636"
"W424","E406","M637"
"W425","E407","M638"
"W426","E408","M639"
"W427","E409","M642"
"W428","E410","M647"
"W429","E411","M649"
"W430","E412","M650"
"W431","E413","M651"
"W432","E414","M657"
"W433","E415","M658"
"W434","E416","M659"
"W435","E417","M660"
"W436","E418","M661"
"W437","E419","M662"
"W438","E420","M663"
"W439","E421","M664"
"W440","E422","M665"
"W441","E423","M666"
"W442","E424","M667"
"W443","E425","M668"
"W444","E426","M669"
"W445","E427","M670"
"W446","E428","M671"
"W447","E429","M672"
"W448","E430","M673"
"W449","E431","M674"
"W450","E432","M675"
"W451","E433","M676"
"W452","E434","M677"
"W453","E435","M678"
"W454","E436","M679"
"W455","E437","M680"
"W456","E438","M681"
"W457","E439","M682"
"W458","E440","M683"
"W459","E441","M684"
"W460","E442","M685"
"W461","E443","M686"
"W462","E444","M687"
"W463","E445","M688"
"W464","E446","M689"
"W465","E447","M690"
"W466","E448","M692"
"W467","E449","M693"
"W468","E450","M694"
"W469","E451","M695"
"W470","E452","M696"
"W471","E453","M697"
"W472","E454","M698"
"W473","E455","M699"
"W474","E456","M701"
"W475","E457","M702"
"W476","E458","M703"
"W477","E459","M704"
"W478","E460","M705"
"W479","E461","M706"
"W480","E462","M707"
"W481","E463","M708"
"W482","E464","M709"
"W483","E465","M710"
"W484","E466","M723"
"W485","E467","M724"
"W486","E468","M725"
"W487","E469","M726"
"W488","E470","M727"
"W489","E471","M728"
"W490","E472","M729"
"W491","E473","M730"
"W492","E474","M731"
"W493","E475","M732"
"W494","E476","M733"
"W495","E477","M734"
"W496","E478","M735"
"W497","E479","M736"
"W498","E480","M737"
"W499","E481","M738"
"W500","E482","M739"
"W501","E483","M740"
"W502","E484","M741"
"W503","E485","M742"
"W504","E486","M743"
"W505","E487","M744"
"W506","E488","M746"
"W507","E489","M747"
"W508","E490","M749"
"W509","E491","M750"
"W510","E492","M751"
"W511","E493","M752"
"W512","E494","M753"
"W513","E495","M754"
"W514","E496","M755"
"W515","E497","M756"
"W516","E498","M757"
"W517","E499","M758"
"W518","E500","M759"
"W519","E501","M760"
"W520","E504","M763"
"W521","E505","M767"
"W522","E506","M770"
"W523","E507","M771"
"W524","E508","M773"
"W525","E509","M774"
"W526","E510","M776"
"W527","E511","M777"
"W528","E512","M779"
"W529","E513","M780"
"W530","E514","M781"
"W531","E516","M787"
"W532","E517","M800"
"W533","E518","M801"
"W534","E519","M802"
"W535","E520","M804"
"W536","E521","M805"
"W537","E522","M806"
"W538","E523","M807"
"W539","E524","M808"
"W540","E525","M809"
"W541","E526","M810"
"W542","E527","M811"
"W543","E528","M812"
"W544","E529","M813"
"W545","E530","M814"
"W546","E531","M815"
"W547","E532","M816"
"W548","E533","M817"
"W549","E534","M818"
"W550","E535","M819"
"W551","E536","M820"
"W552","E537","M821"
"W553","E538","M822"
"W554","E539","M823"
"W555","E540","M824"
"W556","E541","M825"
"W557","E542","M826"
"W558","E543","M827"
"W559","E544","M828"
"W560","E545","M829"
"W561","E546","M831"
"W562","E547","M832"
"W563","E548","M833"
"W564","E549","M834"
"W565","E550","M835"
"W566","E551","M836"
"W567","E552","M837"
"W568","E553","M838"
"W569","E554","M841"
"W570","E555","M842"
"W571","E556","M843"
"W572","E557","M844"
"W573","E558","M845"
"W574","E559","M846"
"W575","E560","M847"
"W576","E561","M848"
"W577","E562","M849"
"W578","E563","M850"
"W579","E564","M851"
"W580","E565","M852"
"W581","E566","M853"
"W582","E567","M854"
"W583","E568","M855"
"W584","E569","M856"
"W585","E570","M857"
"W586","E571","M858"
"W587","E572","M859"
"W588","E573","M861"
"W589","E574","M862"
"W590","E575","M863"
"W591","E576","M864"
"W592","E577","M865"
"W593","E578","M866"
"W594","E579","M867"
"W595","E580","M868"
"W596","E581","M869"
"W597","E582","M870"
"W598","E583","M871"
"W599","E584","M872"
"W600","E585","M873"
"W601","E586","M874"
"W602","E587","M875"
"W603","E588","M876"
"W604","E589","M877"
"W605","E590","M878"
"W606","E591","M879"
"W607","E592","M880"
"W608","E593","M881"
"W609","E594","M882"
"W610","E595","M883"
"W611","E596","M884"
"W612","E597","M885"
"W613","E598","M886"
"W614","E599","M887"
"W615","E600","M888"
"W616","E601","M889"
"W617","E602","M890"
"W618","E603","M892"
"W619","E604","M893"
"W620","E605","M894"
"W621","E606","M895"
"W622","E607","M896"
"W623","E608","M897"
"W624","E609","M898"
"W625","E610","M899"
"W626","E611","M900"
"W627","E612","M901"
"W628","E613","M902"
"W629","E614","M903"
"W630","E615","M904"
"W631","E616","M905"
"W632","E618","M907"
"W633","E619","M908"
"W634","E620","M910"
"W635","E621","M911"
"W636","E622","M912"
"W637","E623","M913"
"W638","E624","M914"
"W639","E625","M915"
"W640","E626","M916"
"W641","E627","M918"
"W642","E628","M919"
"W643","E629","M920"
"W644","E631","M922"
"W645","E632","M923"
"W646","E633","M924"
"W647","E634","M925"
"W648","E635","M926"
"W649","E636","M927"
"W650","E637","M928"
"W651","E638","M929"
"W652","E639","M930"
"W653","E640","M931"
"W654","E641","M932"
"W655","E643","M934"
"W656","E644","M935"
"W657","E645","M936"
"W658","E646","M937"
"W659","E647","M938"
"W660","E648","M939"
"W661","E649","M940"
"W662","E650","M941"
"W663","E651","M942"
"W664","E652","M943"
"W665","E653","M944"
"W666","E654","M945"
"W667","E655","M946"
"W668","E656","M947"
"W669","E657","M948"
"W670","E658","M949"
"W671","E659","M950"
"W672","E660","M951"
"W673","E661","M955"
"W674","E662","M956"
"W675","E663","M957"
"W676","E664","M958"
"W677","E665","M959"
"W678","E666","M960"
"W679","E667","M961"
"W680","E668","M962"
"W681","E669","M963"
"W682","E670","M964"
"W683","E671","M965"
"W684","E672","M967"
"W685","E673","M968"
"W686","E674","M969"
"W687","E675","M970"
"W688","E676","M971"
"W689","E677","M972"
"W690","E678","M973"
"W691","E679","M974"
"W692","E680","M975"
"W693","E681","M976"
"W694","E682","M977"
"W695","E683","M978"
"W696","E684","M979"
"W697","E685","M980"
"W698","E686","M981"
"W699","E687","M982"
"W700","E688","M983"
"W701","E689","M984"
"W702","E690","M985"
"W703","E691","M986"
"W704","E692","M987"
"W705","E693","M988"
"W706","E694","M989"
"W707","E695","M990"
"W708","E696","M991"
"W709","E697","M992"
"W710","E698","M993"
"W711","E700","M995"
"W712","E701","M996"
"W713","E702","M997"
"W714","E703","M998"
"W715","E704","M999"
"W716","E705","M1000"
"W717","E706","M1001"
"W718","E707","M1002"
"W719","E708","M1003"
"W720","E709","M1004"
"W721","E710","M1005"
"W722","E711","M1006"
"W723","E714","M1009"
"W724","E715","M1010"
"W725","E716","M1011"
"W726","E717","M1012"
"W727","E718","M1013"
"W728","E720","M1016"
"W729","E721","M1017"
"W730","E722","M1018"
"W731","E723","M1019"
"W732","E724","M1021"
"W733","E725","M1022"
"W734","E726","M1023"
"W735","E728","M1025"
"W736","E729","M1026"
"W737","E730","M1027"
"W738","E731","M1028"
"W739","E732","M1029"
"W740","E733","M1030"
"W741","E734","M1031"
"W742","E735","M1032"
"W743","E736","M1033"
"W744","E737","M1034"
"W745","E738","M1035"
"W746","E739","M1036"
"W747","E740","M1037"
"W748","E741","M1038"
"W749","E743","M1040"
"W750","E744","M1041"
"W751","E745","M1042"
"W752","E746","M1043"
"W753","E747","M1044"
"W754","E748","M1045"
"W755","E749","M1046"
"W756","E750","M1047"
"W757","E751","M1048"
"W758","E752","M1049"
"W759","E753","M1051"
"W760","E754","M1053"
"W761","E755","M1054"
"W762","E756","M1055"
"W763","E757","M1056"
"W764","E758","M1057"
"W765","E759","M1058"
"W766","E760","M1059"
"W767","E761","M1060"
"W768","E762","M1061"
"W769","E763","M1062"
"W770","E765","M1064"
"W771","E766","M1065"
"W772","E767","M1066"
"W773","E768","M1067"
"W774","E769","M1068"
"W775","E772","M1071"
"W776","E773","M1073"
"W777","E774","M1074"
"W778","E775","M1076"
"W779","E776","M1077"
"W780","E777","M1078"
"W781","E778","M1079"
"W782","E779","M1081"
"W783","E780","M1082"
"W784","E781","M1083"
"W785","E782","M1084"
"W786","E783","M1085"
"W787","E784","M1086"
"W788","E785","M1087"
"W789","E786","M1088"
"W790","E787","M1089"
"W791","E788","M1090"
"W792","E789","M1092"
"W793","E790","M1093"
"W794","E791","M1094"
"W795","E792","M1095"
"W796","E793","M1097"
"W797","E794","M1098"
"W798","E795","M1100"
"W799","E796","M1101"
"W800","E797","M1102"
"W801","E798","M1103"
"W802","E799","M1104"
"W803","E800","M1105"
"W804","E801","M1106"
"W805","E802","M1107"
"W806","E803","M1108"
"W807","E804","M1109"
"W808","E805","M1110"
"W809","E806","M1111"
"W810","E807","M1112"
"W811","E808","M1113"
"W812","E809","M1114"
"W813","E810","M1115"
"W814","E811","M1116"
"W815","E812","M1118"
"W816","E813","M1119"
"W817","E814","M1120"
"W818","E815","M1121"
"W819","E816","M1122"
"W820","E817","M1123"
"W821","E818","M1124"
"W822","E819","M1125"
"W823","E820","M1126"
"W824","E821","M1127"
"W825","E822","M1128"
"W826","E823","M1129"
"W827","E824","M1130"
"W828","E825","M1131"
"W829","E826","M1132"
"W830","E827","M1133"
"W831","E828","M1134"
"W832","E829","M1135"
"W833","E830","M1136"
"W834","E831","M1137"
"W835","E832","M1138"
"W836","E833","M1139"
"W837","E834","M1140"
"W838","E835","M1141"
"W839","E836","M1142"
"W840","E837","M1143"
"W841","E838","M1144"
"W842","E839","M1145"
"W843","E840","M1146"
"W844","E841","M1147"
"W845","E842","M1148"
"W846","E844","M1150"
"W847","E845","M1151"
"W848","E846","M1153"
"W849","E847","M1154"
"W850","E848","M1155"
"W851","E849","M1156"
"W852","E850","M1157"
"W853","E851","M1159"
"W854","E852","M1160"
"W855","E853","M1161"
"W856","E854","M1163"
"W857","E855","M1164"
"W858","E856","M1165"
"W859","E857","M1166"
"W860","E858","M1167"
"W861","E859","M1168"
"W862","E860","M1169"
"W863","E861","M1170"
"W864","E862","M1171"
"W865","E863","M1172"
"W866","E864","M1173"
"W867","E865","M1174"
"W868","E866","M1175"
"W869","E867","M1176"
"W870","E868","M1177"
"W871","E869","M1178"
"W872","E870","M1179"
"W873","E871","M1180"
"W874","E872","M1181"
"W875","E873","M1183"
"W876","E874","M1184"
"W877","E875","M1185"
"W878","E876","M1186"
"W879","E877","M1187"
"W880","E878","M1188"
"W881","E880","M1190"
"W882","E881","M1191"
"W883","E882","M1192"
"W884","E883","M1193"
"W885","E884","M1194"
"W886","E885","M1195"
"W887","E886","M1197"
"W888","E887","M1198"
"W889","E888","M1200"
"W890","E889","M1201"
"W891","E890","M1202"
"W892","E891","M1203"
"W893","E892","M1204"
"W894","E893","M1205"
"W895","E894","M1206"
"W896","E895","M1207"
"W897","E896","M1208"
"W898","E897","M1209"
"W899","E898","M1210"
"W900","E899","M1211"
"W901","E900","M1212"
"W902","E901","M1213"
"W903","E902","M1214"
"W904","E903","M1215"
"W905","E904","M1216"
"W906","E905","M1217"
"W907","E906","M1218"
"W908","E908","M1220"
"W909","E909","M1221"
"W910","E910","M1222"
"W911","E911","M1223"
"W912","E912","M1224"
"W913","E913","M1225"
"W914","E914","M1226"
"W915","E915","M1227"
"W916","E916","M1229"
"W917","E917","M1230"
"W918","E918","M1231"
"W919","E919","M1232"
"W920","E920","M1233"
"W921","E921","M1234"
"W922","E922","M1235"
"W923","E923","M1236"
"W924","E924","M1237"
"W925","E926","M1239"
"W926","E927","M1240"
"W927","E928","M1241"
"W928","E929","M1242"
"W929","E930","M1243"
"W930","E931","M1244"
"W931","E932","M1245"
"W932","E933","M1246"
"W933","E934","M1247"
"W934","E935","M1248"
"W935","E936","M1249"
"W936","E937","M1251"
"W937","E938","M1252"
"W938","E939","M1253"
"W939","E940","M1254"
"W940","E941","M1255"
"W941","E942","M1256"
"W942","E943","M1257"
"W943","E944","M1258"
"W944","E945","M1259"
"W945","E946","M1260"
"W946","E947","M1261"
"W947","E948","M1263"
"W948","E949","M1265"
"W949","E950","M1266"
"W950","E951","M1267"
"W951","E952","M1268"
"W952","E953","M1269"
"W953","E954","M1270"
"W954","E955","M1271"
"W955","E956","M1272"
"W956","E957","M1273"
"W957","E958","M1274"
"W958","E959","M1275"
"W959","E960","M1276"
"W960","E961","M1277"
"W961","E962","M1278"
"W962","E963","M1281"
"W963","E964","M1282"
"W964","E965","M1283"
"W965","E966","M1284"
"W966","E967","M1286"
"W967","E968","M1287"
"W968","E969","M1288"
"W969","E970","M1289"
"W970","E971","M1290"
"W971","E972","M1291"
"W972","E973","M1292"
"W973","E974","M1293"
"W974","E975","M1294"
"W975","E976","M1295"
"W976","E977","M1296"
"W977","E978","M1298"
"W978","E979","M1300"
"W979","E980","M1301"
"W980","E981","M1302"
"W981","E982","M1303"
"W982","E983","M1305"
"W983","E984","M1306"
"W984","E985","M1307"
"W985","E986","M1308"
"W986","E987","M1309"
"W987","E988","M1310"
"W988","E989","M1311"
"W989","E990","M1312"
"W990","E991","M1313"
"W991","E992","M1314"
"W992","E993","M1315"
"W993","E994","M1316"
"W994","E995","M1318"
"W995","E996","M1319"
"W996","E997","M1320"
"W997","E998","M1321"
"W998","E999","M1323"
"W999","E1000","M1325"
"W1000","E1001","M1326"
"W1001","E1002","M1327"
"W1002","E1003","M1328"
"W1003","E1004","M1329"
"W1004","E1006","M1331"
"W1005","E1007","M1332"
"W1006","E1008","M1333"
"W1007","E1009","M1334"
"W1008","E1010","M1335"
"W1009","E1011","M1336"
"W1010","E1012","M1337"
"W1011","E1013","M1338"
"W1012","E1014","M1339"
"W1013","E1015","M1340"
"W1014","E1016","M1341"
"W1015","E1017","M1342"
"W1016","E1018","M1343"
"W1017","E1019","M1344"
"W1018","E1020","M1346"
"W1019","E1021","M1347"
"W1020","E1022","M1348"
"W1021","E1023","M1349"
"W1022","E1024","M1350"
"W1023","E1025","M1351"
"W1024","E1026","M1352"
"W1025","E1027","M1353"
"W1026","E1028","M1354"
"W1027","E1029","M1355"
"W1028","E1030","M1358"
"W1029","E1031","M1359"
"W1030","E1032","M1360"
"W1031","E1033","M1361"
"W1032","E1034","M1364"
"W1033","E1035","M1365"
"W1034","E1036","M1366"
"W1035","E1037","M1367"
"W1036","E1038","M1369"
"W1037","E1039","M1370"
"W1038","E1040","M1371"
"W1039","E1041","M1372"
"W1040","E1042","M1373"
"W1041","E1043","M1374"
"W1042","E1044","M1375"
"W1043","E1045","M1377"
"W1044","E1046","M1378"
"W1045","E1047","M1379"
"W1046","E1048","M1380"
"W1047","E1049","M1381"
"W1048","E1050","M1382"
"W1049","E1051","M1383"
"W1050","E1052","M1384"
"W1051","E1053","M1385"
"W1052","E1054","M1386"
"W1053","E1055","M1387"
"W1054","E1056","M1388"
"W1055","E1057","M1389"
"W1056","E1058","M1390"
"W1057","E1059","M1391"
"W1058","E1060","M1392"
"W1059","E1061","M1393"
"W1060","E1062","M1394"
"W1061","E1063","M1395"
"W1062","E1064","M1396"
"W1063","E1065","M1397"
"W1064","E1066","M1398"
"W1065","E1067","M1399"
"W1066","E1068","M1400"
"W1067","E1069","M1401"
"W1068","E1070","M1402"
"W1069","E1071","M1403"
"W1070","E1072","M1404"
"W1071","E1073","M1405"
"W1072","E1074","M1406"
"W1073","E1075","M1408"
"W1074","E1076","M1409"
"W1075","E1077","M1411"
"W1076","E1078","M1412"
"W1077","E1079","M1413"
"W1078","E1080","M1414"
"W1079","E1081","M1415"
"W1080","E1082","M1416"
"W1081","E1083","M1417"
"W1082","E1084","M1418"
"W1083","E1085","M1419"
"W1084","E1087","M1421"
"W1085","E1088","M1422"
"W1086","E1089","M1423"
"W1087","E1090","M1424"
"W1088","E1091","M1425"
"W1089","E1092","M1427"
"W1090","E1093","M1428"
"W1091","E1094","M1430"
"W1092","E1095","M1431"
"W1093","E1096","M1432"
"W1094","E1097","M1433"
"W1095","E1098","M1434"
"W1096","E1099","M1435"
"W1097","E1100","M1436"
"W1098","E1101","M1437"
"W1099","E1102","M1438"
"W1100","E1103","M1439"
"W1101","E1104","M1440"
"W1102","E1105","M1441"
"W1103","E1106","M1442"
"W1104","E1107","M1443"
"W1105","E1108","M1445"
"W1106","E1109","M1446"
"W1107","E1110","M1447"
"W1108","E1111","M1448"
"W1109","E1112","M1449"
"W1110","E1113","M1451"
"W1111","E1114","M1452"
"W1112","E1115","M1453"
"W1113","E1116","M1454"
"W1114","E1117","M1455"
"W1115","E1118","M1456"
"W1116","E1119","M1457"
"W1117","E1120","M1458"
"W1118","E1121","M1459"
"W1119","E1122","M1461"
"W1120","E1123","M1462"
"W1121","E1124","M1463"
"W1122","E1125","M1464"
"W1123","E1127","M1466"
"W1124","E1128","M1467"
"W1125","E1129","M1468"
"W1126","E1130","M1469"
"W1127","E1131","M1470"
"W1128","E1132","M1471"
"W1129","E1133","M1472"
"W1130","E1138","M1477"
"W1131","E1139","M1478"
"W1132","E1140","M1479"
"W1133","E1141","M1480"
"W1134","E1142","M1481"
"W1135","E1143","M1482"
"W1136","E1144","M1483"
"W1137","E1145","M1484"
"W1138","E1146","M1485"
"W1139","E1147","M1486"
"W1140","E1148","M1487"
"W1141","E1149","M1488"
"W1142","E1150","M1489"
"W1143","E1151","M1490"
"W1144","E1152","M1491"
"W1145","E1153","M1492"
"W1146","E1154","M1493"
"W1147","E1155","M1494"
"W1148","E1156","M1495"
"W1149","E1157","M1496"
"W1150","E1158","M1497"
"W1151","E1159","M1498"
"W1152","E1160","M1499"
"W1153","E1161","M1500"
"W1154","E1162","M1501"
"W1155","E1163","M1503"
"W1156","E1164","M1504"
"W1157","E1165","M1505"
"W1158","E1166","M1506"
"W1159","E1167","M1508"
"W1160","E1168","M1509"
"W1161","E1169","M1510"
"W1162","E1170","M1511"
"W1163","E1171","M1512"
"W1164","E1172","M1513"
"W1165","E1173","M1514"
"W1166","E1174","M1515"
"W1167","E1175","M1516"
"W1168","E1176","M1517"
"W1169","E1177","M1518"
"W1170","E1178","M1519"
"W1171","E1179","M1520"
"W1172","E1180","M1521"
"W1173","E1181","M1522"
"W1174","E1182","M1523"
"W1175","E1183","M1524"
"W1176","E1184","M1525"
"W1177","E1185","M1526"
"W1178","E1186","M1528"
"W1179","E1187","M1529"
"W1180","E1188","M1530"
"W1181","E1189","M1531"
"W1182","E1190","M1532"
"W1183","E1192","M1535"
"W1184","E1193","M1536"
"W1185","E1194","M1537"
"W1186","E1195","M1538"
"W1187","E1196","M1539"
"W1188","E1197","M1540"
"W1189","E1198","M1541"
"W1190","E1199","M1542"
"W1191","E1200","M1543"
"W1192","E1201","M1544"
"W1193","E1202","M1545"
"W1194","E1203","M1547"
"W1195","E1204","M1548"
"W1196","E1205","M1549"
"W1197","E1206","M1550"
"W1198","E1207","M1551"
"W1199","E1208","M1552"
"W1200","E1209","M1553"
"W1201","E1210","M1554"
"W1202","E1211","M1555"
"W1203","E1212","M1556"
"W1204","E1213","M1557"
"W1205","E1214","M1558"
"W1206","E1215","M1559"
"W1207","E1216","M1560"
"W1208","E1217","M1561"
"W1209","E1218","M1562"
"W1210","E1219","M1563"
"W1211","E1220","M1564"
"W1212","E1222","M1568"
"W1213","E1223","M1569"
"W1214","E1224","M1570"
"W1215","E1225","M1571"
"W1216","E1226","M1572"
"W1217","E1227","M1573"
"W1218","E1228","M1574"
"W1219","E1229","M1575"
"W1220","E1230","M1576"
"W1221","E1231","M1577"
"W1222","E1232","M1578"
"W1223","E1233","M1579"
"W1224","E1234","M1580"
"W1225","E1235","M1581"
"W1226","E1236","M1582"
"W1227","E1237","M1584"
"W1228","E1238","M1585"
"W1229","E1239","M1586"
"W1230","E1240","M1587"
"W1231","E1241","M1588"
"W1232","E1242","M1589"
"W1233","E1243","M1590"
"W1234","E1244","M1591"
"W1235","E1245","M1592"
"W1236","E1246","M1593"
"W1237","E1247","M1595"
"W1238","E1248","M1596"
"W1239","E1249","M1597"
"W1240","E1250","M1598"
"W1241","E1251","M1599"
"W1242","E1252","M1600"
"W1243","E1253","M1601"
"W1244","E1254","M1602"
"W1245","E1255","M1603"
"W1246","E1256","M1604"
"W1247","E1257","M1605"
"W1248","E1258","M1606"
"W1249","E1259","M1607"
"W1250","E1260","M1608"
"W1251","E1261","M1609"
"W1252","E1262","M1610"
"W1253","E1263","M1611"
"W1254","E1264","M1612"
"W1255","E1265","M1613"
"W1256","E1268","M1617"
"W1257","E1271","M1620"
"W1258","E1272","M1621"
"W1259","E1273","M1624"
"W1260","E1274","M1625"
"W1261","E1275","M1626"
"W1262","E1276","M1627"
"W1263","E1277","M1628"
"W1264","E1278","M1629"
"W1265","E1279","M1630"
"W1266","E1280","M1631"
"W1267","E1281","M1632"
"W1268","E1282","M1633"
"W1269","E1283","M1634"
"W1270","E1284","M1635"
"W1271","E1285","M1636"
"W1272","E1286","M1637"
"W1273","E1287","M1638"
"W1274","E1288","M1639"
"W1275","E1289","M1640"
"W1276","E1290","M1642"
"W1277","E1291","M1643"
"W1278","E1292","M1644"
"W1279","E1293","M1645"
"W1280","E1294","M1647"
"W1281","E1295","M1648"
"W1282","E1296","M1649"
"W1283","E1297","M1650"
"W1284","E1298","M1651"
"W1285","E1299","M1652"
"W1286","E1300","M1653"
"W1287","E1301","M1654"
"W1288","E1303","M1656"
"W1289","E1304","M1658"
"W1290","E1305","M1659"
"W1291","E1306","M1661"
"W1292","E1307","M1662"
"W1293","E1308","M1663"
"W1294","E1309","M1664"
"W1295","E1310","M1665"
"W1296","E1311","M1666"
"W1297","E1312","M1667"
"W1298","E1313","M1668"
"W1299","E1314","M1669"
"W1300","E1316","M1672"
"W1301","E1317","M1673"
"W1302","E1318","M1674"
"W1303","E1319","M1675"
"W1304","E1320","M1676"
"W1305","E1321","M1677"
"W1306","E1322","M1679"
"W1307","E1323","M1680"
"W1308","E1324","M1681"
"W1309","E1325","M1683"
"W1310","E1326","M1684"
"W1311","E1327","M1685"
"W1312","E1328","M1686"
"W1313","E1329","M1687"
"W1314","E1330","M1688"
"W1315","E1331","M1689"
"W1316","E1332","M1691"
"W1317","E1333","M1692"
"W1318","E1334","M1693"
"W1319","E1335","M1694"
"W1320","E1336","M1695"
"W1321","E1337","M1696"
"W1322","E1338","M1697"
"W1323","E1339","M1699"
"W1324","E1340","M1700"
"W1325","E1341","M1701"
"W1326","E1342","M1702"
"W1327","E1343","M1703"
"W1328","E1344","M1704"
"W1329","E1345","M1705"
"W1330","E1346","M1706"
"W1331","E1347","M1707"
"W1332","E1348","M1708"
"W1333","E1349","M1709"
"W1334","E1350","M1712"
"W1335","E1351","M1713"
"W1336","E1352","M1714"
"W1337","E1353","M1715"
"W1338","E1354","M1716"
"W1339","E1355","M1717"
"W1340","E1356","M1718"
"W1341","E1357","M1719"
"W1342","E1358","M1720"
"W1343","E1359","M1721"
"W1344","E1360","M1722"
"W1345","E1361","M1724"
"W1346","E1362","M1725"
"W1347","E1363","M1726"
"W1348","E1364","M1727"
"W1349","E1365","M1729"
"W1350","E1366","M1730"
"W1351","E1367","M1731"
"W1352","E1368","M1732"
"W1353","E1369","M1733"
"W1354","E1370","M1734"
"W1355","E1371","M1735"
"W1356","E1372","M1736"
"W1357","E1373","M1737"
"W1358","E1374","M1738"
"W1359","E1375","M1739"
"W1360","E1376","M1740"
"W1361","E1377","M1742"
"W1362","E1378","M1743"
"W1363","E1379","M1744"
"W1364","E1380","M1745"
"W1365","E1381","M1746"
"W1366","E1382","M1747"
"W1367","E1383","M1748"
"W1368","E1384","M1749"
"W1369","E1385","M1752"
"W1370","E1386","M1753"
"W1371","E1387","M1754"
"W1372","E1388","M1755"
"W1373","E1389","M1756"
"W1374","E1390","M1757"
"W1375","E1391","M1758"
"W1376","E1392","M1759"
"W1377","E1393","M1760"
"W1378","E1394","M1761"
"W1379","E1395","M1763"
"W1380","E1396","M1764"
"W1381","E1397","M1765"
"W1382","E1398","M1766"
"W1383","E1399","M1767"
"W1384","E1400","M1768"
"W1385","E1401","M1769"
"W1386","E1402","M1770"
"W1387","E1403","M1771"
"W1388","E1404","M1772"
"W1389","E1405","M1773"
"W1390","E1406","M1775"
"W1391","E1407","M1776"
"W1392","E1408","M1778"
"W1393","E1409","M1779"
"W1394","E1410","M1780"
"W1395","E1411","M1781"
"W1396","E1412","M1782"
"W1397","E1413","M1783"
"W1398","E1414","M1784"
"W1399","E1415","M1785"
"W1400","E1416","M1786"
"W1401","E1419","M1790"
"W1402","E1420","M1791"
"W1403","E1421","M1792"
"W1404","E1422","M1793"
"W1405","E1423","M1795"
"W1406","E1424","M1796"
"W1407","E1425","M1797"
"W1408","E1426","M1798"
"W1409","E1427","M1799"
"W1410","E1428","M1800"
"W1411","E1429","M1801"
"W1412","E1431","M1803"
"W1413","E1433","M1807"
"W1414","E1434","M1808"
"W1415","E1435","M1809"
"W1416","E1436","M1810"
"W1417","E1437","M1811"
"W1418","E1438","M1812"
"W1419","E1439","M1813"
"W1420","E1440","M1814"
"W1421","E1441","M1816"
"W1422","E1444","M1819"
"W1423","E1445","M1820"
"W1424","E1446","M1821"
"W1425","E1447","M1822"
"W1426","E1448","M1823"
"W1427","E1449","M1824"
"W1428","E1450","M1825"
"W1429","E1451","M1826"
"W1430","E1452","M1827"
"W1431","E1453","M1828"
"W1432","E1454","M1829"
"W1433","E1455","M1830"
"W1434","E1456","M1831"
"W1435","E1457","M1833"
"W1436","E1460","M1836"
"W1437","E1461","M1837"
"W1438","E1463","M1839"
"W1439","E1465","M1841"
"W1440","E1466","M1842"
"W1441","E1467","M1843"
"W1442","E1468","M1844"
"W1443","E1469","M1846"
"W1444","E1470","M1847"
"W1445","E1471","M1848"
"W1446","E1472","M1849"
"W1447","E1473","M1850"
"W1448","E1474","M1851"
"W1449","E1475","M1852"
"W1450","E1476","M1853"
"W1451","E1477","M1854"
"W1452","E1478","M1855"
"W1453","E1479","M1856"
"W1454","E1480","M1857"
"W1455","E1481","M1858"
"W1456","E1482","M1859"
"W1457","E1483","M1860"
"W1458","E1484","M1861"
"W1459","E1486","M1863"
"W1460","E1487","M1865"
"W1461","E1488","M1866"
"W1462","E1489","M1867"
"W1463","E1490","M1868"
"W1464","E1491","M1869"
"W1465","E1492","M1870"
"W1466","E1493","M1871"
"W1467","E1494","M1872"
"W1468","E1495","M1873"
"W1469","E1496","M1874"
"W1470","E1497","M1876"
"W1471","E1498","M1877"
"W1472","E1499","M1878"
"W1473","E1500","M1879"
"W1474","E1501","M1880"
"W1475","E1502","M1881"
"W1476","E1503","M1882"
"W1477","E1504","M1883"
"W1478","E1505","M1884"
"W1479","E1506","M1885"
"W1480","E1507","M1886"
"W1481","E1508","M1887"
"W1482","E1509","M1888"
"W1483","E1510","M1889"
"W1484","E1511","M1890"
"W1485","E1512","M1891"
"W1486","E1513","M1892"
"W1487","E1514","M1893"
"W1488","E1515","M1894"
"W1489","E1516","M1895"
"W1490","E1517","M1896"
"W1491","E1518","M1897"
"W1492","E1519","M1898"
"W1493","E1520","M1901"
"W1494","E1521","M1902"
"W1495","E1522","M1903"
"W1496","E1523","M1904"
"W1497","E1524","M1905"
"W1498","E1525","M1906"
"W1499","E1526","M1907"
"W1500","E1527","M1909"
"W1501","E1528","M1910"
"W1502","E1529","M1911"
"W1503","E1530","M1912"
"W1504","E1531","M1913"
"W1505","E1532","M1914"
"W1506","E1533","M1915"
"W1507","E1534","M1916"
"W1508","E1535","M1917"
"W1509","E1536","M1918"
"W1510","E1537","M1920"
"W1511","E1538","M1921"
"W1512","E1540","M1923"
"W1513","E1542","M1925"
"W1514","E1543","M1926"
"W1515","E1544","M1927"
"W1516","E1545","M1928"
"W1517","E1546","M1929"
"W1518","E1547","M1930"
"W1519","E1548","M1931"
"W1520","E1549","M1932"
"W1521","E1550","M1933"
"W1522","E1551","M1934"
"W1523","E1552","M1935"
"W1524","E1553","M1936"
"W1525","E1554","M1937"
"W1526","E1555","M1938"
"W1527","E1556","M1939"
"W1528","E1557","M1940"
"W1529","E1558","M1941"
"W1530","E1559","M1942"
"W1531","E1560","M1943"
"W1532","E1561","M1944"
"W1533","E1562","M1945"
"W1534","E1563","M1946"
"W1535","E1564","M1947"
"W1536","E1565","M1948"
"W1537","E1566","M1949"
"W1538","E1567","M1950"
"W1539","E1569","M1952"
"W1540","E1570","M1953"
"W1541","E1571","M1954"
"W1542","E1572","M1955"
"W1543","E1574","M1957"
"W1544","E1575","M1959"
"W1545","E1576","M1960"
"W1546","E1577","M1961"
"W1547","E1578","M1962"
"W1548","E1579","M1963"
"W1549","E1580","M1964"
"W1550","E1581","M1966"
"W1551","E1582","M1967"
"W1552","E1583","M1968"
"W1553","E1584","M1969"
"W1554","E1585","M1970"
"W1555","E1586","M1971"
"W1556","E1587","M1972"
"W1557","E1588","M1973"
"W1558","E1589","M1974"
"W1559","E1590","M1975"
"W1560","E1591","M1976"
"W1561","E1592","M1977"
"W1562","E1593","M1978"
"W1563","E1594","M1981"
"W1564","E1595","M1982"
"W1565","E1596","M1983"
"W1566","E1598","M1985"
"W1567","E1599","M1986"
"W1568","E1600","M1987"
"W1569","E1601","M1988"
"W1570","E1602","M1989"
"W1571","E1603","M1990"
"W1572","E1604","M1991"
"W1573","E1605","M1992"
"W1574","E1606","M1993"
"W1575","E1607","M1994"
"W1576","E1609","M1996"
"W1577","E1610","M1997"
"W1578","E1611","M1998"
"W1579","E1612","M1999"
"W1580","E1613","M2000"
"W1581","E1614","M2001"
"W1582","E1615","M2002"
"W1583","E1616","M2003"
"W1584","E1617","M2004"
"W1585","E1618","M2005"
"W1586","E1619","M2006"
"W1587","E1620","M2010"
"W1588","E1621","M2011"
"W1589","E1622","M2012"
"W1590","E1623","M2013"
"W1591","E1624","M2014"
"W1592","E1625","M2015"
"W1593","E1626","M2016"
"W1594","E1627","M2017"
"W1595","E1628","M2018"
"W1596","E1629","M2019"
"W1597","E1630","M2020"
"W1598","E1631","M2021"
"W1599","E1632","M2022"
"W1600","E1633","M2023"
"W1601","E1634","M2024"
"W1602","E1635","M2025"
"W1603","E1636","M2026"
"W1604","E1637","M2027"
"W1605","E1638","M2028"
"W1606","E1639","M2029"
"W1607","E1641","M2031"
"W1608","E1642","M2032"
"W1609","E1643","M2033"
"W1610","E1644","M2034"
"W1611","E1646","M2036"
"W1612","E1647","M2038"
"W1613","E1648","M2039"
"W1614","E1649","M2040"
"W1615","E1650","M2041"
"W1616","E1651","M2042"
"W1617","E1652","M2043"
"W1618","E1653","M2044"
"W1619","E1654","M2045"
"W1620","E1655","M2046"
"W1621","E1656","M2047"
"W1622","E1657","M2048"
"W1623","E1658","M2049"
"W1624","E1659","M2050"
"W1625","E1660","M2051"
"W1626","E1661","M2052"
"W1627","E1663","M2054"
"W1628","E1664","M2055"
"W1629","E1666","M2057"
"W1630","E1667","M2058"
"W1631","E1668","M2059"
"W1632","E1669","M2060"
"W1633","E1670","M2061"
"W1634","E1671","M2062"
"W1635","E1672","M2063"
"W1636","E1673","M2064"
"W1637","E1674","M2065"
"W1638","E1675","M2066"
"W1639","E1676","M2067"
"W1640","E1678","M2069"
"W1641","E1679","M2070"
"W1642","E1680","M2071"
"W1643","E1681","M2072"
"W1644","E1682","M2073"
"W1645","E1683","M2074"
"W1646","E1684","M2075"
"W1647","E1685","M2076"
"W1648","E1686","M2078"
"W1649","E1687","M2079"
"W1650","E1688","M2080"
"W1651","E1689","M2081"
"W1652","E1690","M2082"
"W1653","E1691","M2083"
"W1654","E1692","M2084"
"W1655","E1693","M2085"
"W1656","E1694","M2086"
"W1657","E1695","M2087"
"W1658","E1696","M2088"
"W1659","E1697","M2089"
"W1660","E1698","M2090"
"W1661","E1699","M2092"
"W1662","E1700","M2093"
"W1663","E1701","M2096"
"W1664","E1702","M2097"
"W1665","E1703","M2098"
"W1666","E1704","M2099"
"W1667","E1705","M2100"
"W1668","E1706","M2101"
"W1669","E1707","M2102"
"W1670","E1708","M2103"
"W1671","E1709","M2104"
"W1672","E1710","M2105"
"W1673","E1711","M2106"
"W1674","E1712","M2107"
"W1675","E1713","M2108"
"W1676","E1714","M2109"
"W1677","E1715","M2110"
"W1678","E1716","M2114"
"W1679","E1717","M2115"
"W1680","E1718","M2116"
"W1681","E1719","M2117"
"W1682","E1720","M2119"
"W1683","E1721","M2120"
"W1684","E1722","M2121"
"W1685","E1724","M2124"
"W1686","E1725","M2126"
"W1687","E1726","M2127"
"W1688","E1727","M2130"
"W1689","E1728","M2131"
"W1690","E1729","M2134"
"W1691","E1730","M2135"
"W1692","E1731","M2136"
"W1693","E1732","M2137"
"W1694","E1733","M2138"
"W1695","E1734","M2139"
"W1696","E1735","M2140"
"W1697","E1736","M2141"
"W1698","E1737","M2142"
"W1699","E1738","M2143"
"W1700","E1739","M2144"
"W1701","E1740","M2145"
"W1702","E1741","M2146"
"W1703","E1742","M2147"
"W1704","E1743","M2148"
"W1705","E1744","M2149"
"W1706","E1745","M2150"
"W1707","E1746","M2151"
"W1708","E1747","M2152"
"W1709","E1748","M2153"
"W1710","E1749","M2154"
"W1711","E1750","M2155"
"W1712","E1751","M2156"
"W1713","E1752","M2157"
"W1714","E1753","M2158"
"W1715","E1754","M2159"
"W1716","E1755","M2160"
"W1717","E1756","M2161"
"W1718","E1757","M2162"
"W1719","E1758","M2163"
"W1720","E1759","M2165"
"W1721","E1760","M2166"
"W1722","E1761","M2167"
"W1723","E1762","M2168"
"W1724","E1763","M2169"
"W1725","E1764","M2170"
"W1726","E1765","M2171"
"W1727","E1766","M2172"
"W1728","E1767","M2173"
"W1729","E1768","M2174"
"W1730","E1769","M2175"
"W1731","E1770","M2176"
"W1732","E1771","M2177"
"W1733","E1772","M2178"
"W1734","E1773","M2179"
"W1735","E1774","M2180"
"W1736","E1775","M2181"
"W1737","E1776","M2182"
"W1738","E1777","M2183"
"W1739","E1778","M2184"
"W1740","E1779","M2185"
"W1741","E1780","M2186"
"W1742","E1781","M2187"
"W1743","E1782","M2188"
"W1744","E1783","M2189"
"W1745","E1784","M2190"
"W1746","E1785","M2191"
"W1747","E1786","M2192"
"W1748","E1787","M2193"
"W1749","E1788","M2194"
"W1750","E1789","M2195"
"W1751","E1790","M2196"
"W1752","E1791","M2197"
"W1753","E1792","M2198"
"W1754","E1793","M2199"
"W1755","E1794","M2200"
"W1756","E1795","M2201"
"W1757","E1796","M2202"
"W1758","E1797","M2203"
"W1759","E1798","M2204"
"W1760","E1799","M2205"
"W1761","E1800","M2206"
"W1762","E1801","M2207"
"W1763","E1802","M2208"
"W1764","E1803","M2209"
"W1765","E1804","M2210"
"W1766","E1805","M2211"
"W1767","E1806","M2212"
"W1768","E1807","M2213"
"W1769","E1808","M2214"
"W1770","E1809","M2215"
"W1771","E1810","M2216"
"W1772","E1811","M2217"
"W1773","E1812","M2218"
"W1774","E1813","M2219"
"W1775","E1814","M2220"
"W1776","E1815","M2221"
"W1777","E1816","M2222"
"W1778","E1817","M2223"
"W1779","E1818","M2224"
"W1780","E1819","M2225"
"W1781","E1820","M2226"
"W1782","E1821","M2227"
"W1783","E1822","M2228"
"W1784","E1823","M2229"
"W1785","E1824","M2230"
"W1786","E1825","M2231"
"W1787","E1826","M2232"
"W1788","E1827","M2233"
"W1789","E1828","M2234"
"W1790","E1829","M2235"
"W1791","E1830","M2236"
"W1792","E1831","M2237"
"W1793","E1832","M2238"
"W1794","E1833","M2239"
"W1795","E1834","M2240"
"W1796","E1835","M2241"
"W1797","E1836","M2242"
"W1798","E1837","M2243"
"W1799","E1838","M2244"
"W1800","E1839","M2245"
"W1801","E1840","M2246"
"W1802","E1841","M2248"
"W1803","E1842","M2249"
"W1804","E1843","M2250"
"W1805","E1845","M2252"
